id,firstName,lastName, email
1,Ram,Gurram, ram@gmail.com
2,Lakshman,Ponnam, lakshman@gmail.com
3,Gopi,Battu, gopi@gmail.com
4,Sailu,Nava, sailu@gmail.com
5,Venkat,Dokku, venkat@gmail.com
6,Harini,Guna, harini@gmail.com
7,Sudheer,Ganji, sudheer@gmail.com
8,Joel,Chelli, joel@gmail.com
9,Jaideep,Geera, jaideep@gmail.com
10,Scott,Tiger, scott@gmail.com
11,Charles,Darwin, charles@gmail.com
12,Peter,Parker, peter@gmail.com
